county_fips,county_name,mean_resid_log,mean_observed,mean_predicted,n_months,pop_21plus,z_score,flag
19051,DAVIS,-1.4609115970265494,0.10970815974037292,0.45300080702915735,48,6099.375,-3.049070176967162,LOW
19173,TAYLOR,-1.2674275327460385,0.18351627464830253,0.6404084254824203,48,4329.25,-2.5968030880669684,LOW
19053,DECATUR,-1.2235795165794385,0.20268307758885742,0.6711827851166094,48,5452.5,-2.49430878343542,LOW
19115,LOUISA,-1.1202438345489998,0.17807132992178623,0.5353115814767361,48,7961.125,-2.25276264750318,LOW
19107,KEOKUK,-0.9517022409157406,0.22725992792192015,0.5792412982064578,48,7389.25,-1.858798337343754,
19185,WAYNE,-0.9382057164465983,0.24603203777709828,0.6182682557297378,48,4641.25,-1.827250344724167,
19177,VAN BUREN,-0.9218959847030876,0.2270582356760086,0.5605724054521386,48,5328.125,-1.7891265078913492,
19071,FREMONT,-0.9168562232056111,0.17024936517983777,0.4092330340346932,48,4985.25,-1.7773461151768852,
19023,BUTLER,-0.8165375374466276,0.2512509932929447,0.563438848107979,48,10664.25,-1.5428521782254128,
19009,AUDUBON,-0.7484737477402806,0.3026544308069684,0.6323251362091787,48,4255.0,-1.3837537421631247,
19075,GRUNDY,-0.6615510126365739,0.26187314213413937,0.5011016730636968,48,9078.5,-1.1805727075348589,
19069,FRANKLIN,-0.6476292541271731,0.4013052637644714,0.751341476305092,48,7209.625,-1.1480307345468932,
19131,MITCHELL,-0.6334524489116299,0.3659711002434423,0.6703699447505053,48,7779.375,-1.114892592402829,
19001,ADAIR,-0.5182401792873393,0.4222962843224313,0.6941966009325334,48,5574.125,-0.8455850502942531,
19031,CEDAR,-0.45203767017723123,0.3753628936858207,0.5802850826705204,48,13938.625,-0.6908373392387901,
19171,TAMA,-0.44588147922783167,0.4030660644756175,0.6180378522064375,48,12273.625,-0.6764473037092382,
19099,JASPER,-0.43476276335854264,0.45440382822057934,0.6985460325344045,48,28326.875,-0.6504574152023413,
19043,CLAYTON,-0.43403633110781215,0.34712901015026826,0.5308943811316227,48,12902.75,-0.6487593869924069,
19085,HARRISON,-0.4275408929451808,0.35041651287439096,0.5329262303786974,48,10848.625,-0.6335763644532199,
19019,BUCHANAN,-0.3697099895658286,0.5235843285541054,0.7509665616304816,48,14745.125,-0.498397199093489,
19121,MADISON,-0.36705187739768946,0.460290787670135,0.6541506419889843,48,12125.5,-0.49218388815894315,
19025,CALHOUN,-0.362818437200577,0.36567515700833136,0.5179597784032918,48,7427.25,-0.4822882635187387,
19021,BUENA VISTA,-0.36002823257311456,0.7732222880191001,1.0915694174152188,48,14241.75,-0.47576618776541585,
19167,SIOUX,-0.35157739321894105,0.5411426430113836,0.7578616268989701,48,23926.25,-0.4560124342576639,
19119,LYON,-0.3405015475197805,0.6473004385114162,0.9044247836809115,48,8265.0,-0.43012275434994435,
19123,MAHASKA,-0.3298396585632385,0.566062854833605,0.7815379051468064,48,15819.625,-0.4052006942387743,
19081,HANCOCK,-0.32974331831294973,0.421878283468245,0.5714133090565169,48,8166.625,-0.404975499855433,
19095,IOWA,-0.31980473177902563,0.6075559822279551,0.8305238432099732,48,12267.625,-0.38174415201190276,
19139,MUSCATINE,-0.3074946480806428,0.6478096064126552,0.8764157326266632,48,30837.25,-0.35296945297356896,
19195,WORTH,-0.29695928926679016,0.4592749975650405,0.6132936744627255,48,5688.5,-0.32834315582099216,
19079,HAMILTON,-0.2739296218870681,0.5177278279221226,0.6698056484141522,48,11100.5,-0.2745115358222191,
19135,MONROE,-0.26223437579656117,0.45552449259795785,0.5733975815908788,48,5584.5,-0.2471740136185483,
19143,OSCEOLA,-0.25373047266226917,0.38424091785607567,0.4888304124730536,48,4519.5,-0.22729622404896627,
19037,CHICKASAW,-0.2523219821202205,0.40708814125540016,0.5150392270908869,48,8765.5,-0.22400389132087,
19197,WRIGHT,-0.22993390471000028,0.5105989510510889,0.6382349649502713,48,9187.25,-0.17167198153778412,
19049,DALLAS,-0.22148533513706667,0.7438350756153976,0.917663637393387,48,74017.375,-0.15192353362125816,
19129,MILLS,-0.21914480984123855,0.3237215742953217,0.39682693679160774,48,10768.625,-0.14645257886341936,
19151,POCAHONTAS,-0.21785245435014192,0.4123447087541355,0.49861075969070795,48,5230.0,-0.14343171066966948,
19179,WAPELLO,-0.2164041355362387,0.7109556102938405,0.8802702266129198,48,25448.625,-0.14004627974956152,
19011,BENTON,-0.21101581041466597,0.4300459638646565,0.529509137420477,48,18948.125,-0.12745112300710032,
19087,HENRY,-0.20620408180892955,0.5523678054563544,0.6718126047105827,48,15091.5,-0.1162037549244287,
19159,RINGGOLD,-0.17966747416768278,0.36761006147951886,0.428950038923468,48,3425.375,-0.054174696708071006,
19047,CRAWFORD,-0.1593891789412526,0.7418816105884183,0.8498101945839296,48,11490.125,-0.0067743819378583816,
19183,WASHINGTON,-0.15751683811680353,0.6939483323738421,0.8055807750439034,48,16321.125,-0.002397803756851759,
19057,DES MOINES,-0.1528732344091804,0.7257276349536905,0.8377756985782511,48,28802.625,0.008456574037321946,
19181,WARREN,-0.1490191992001182,0.5170223543432683,0.5968261806101259,48,38245.5,0.017465343265956508,
19063,EMMET,-0.1219522412012442,0.5961005283986615,0.6632528296393174,48,6898.25,0.08073409020413831,
19169,STORY,-0.11875761285644075,0.8195998532417471,0.9137682398768435,48,67483.875,0.0882015024015977,
19103,JOHNSON,-0.11577304371368762,0.969739508306907,1.0841175748215617,48,110830.625,0.09517790328935943,
19189,WINNEBAGO,-0.11397865177467449,0.6302126972105226,0.6988872974010234,48,7905.625,0.09937227672068695,
19073,GREENE,-0.11188879991597812,0.5480632614542594,0.6012650265896804,48,6560.875,0.10425728479553784,
19039,CLARKE,-0.10786946948286041,0.7492775342160032,0.8203436745026287,48,6803.75,0.11365242997751344,
19007,APPANOOSE,-0.08026072045484435,0.5886544487483198,0.6247505879363171,48,9189.5,0.1781876080941673,
19193,WOODBURY,-0.07360188140893827,0.8858844277475703,0.9521699791425418,48,73604.5,0.1937525785838338,
19149,PLYMOUTH,-0.0671374670205443,0.5753068235397362,0.6077221207492637,48,18484.875,0.208863083357213,
19077,GUTHRIE,-0.06279428956136206,0.41602528782474263,0.4369279452860051,48,8080.25,0.21901521776345279,
19175,UNION,-0.05490347990034077,0.7814238439726489,0.8142652632709302,48,8765.0,0.2374599073957818,
19065,FAYETTE,-0.049377378424220277,0.5871789255325032,0.6126221801535365,48,14449.5,0.2503771150059582,
19055,DELAWARE,-0.0473878833645723,0.5669229926857726,0.5873214857705775,48,12814.25,0.25502754005442013,
19141,O'BRIEN,-0.04695504251872059,0.8285025477994719,0.861985907605059,48,10314.625,0.2560393012557284,
19157,POWESHIEK,-0.04576291632045349,0.7223057230444957,0.7501735463781304,48,13402.25,0.25882588446761634,
19133,MONONA,-0.04082269085699985,0.5537168726949441,0.57141216913834,48,6463.875,0.2703736126858303,
19035,CHEROKEE,-0.0270066342814278,0.566114074886311,0.5739337780605407,48,8732.375,0.3026685084476605,
19015,BOONE,-0.016658135886909693,0.5790207754642245,0.5828160122561126,48,20224.375,0.3268580212159658,
19145,PAGE,-0.013954754046337338,0.6339717737064825,0.6369567615851234,48,11916.25,0.33317714956262245,
19093,IDA,-0.013285450084352364,0.7660062490362568,0.7640712156351722,48,4996.0,0.334741640961963,
19101,JEFFERSON,-0.0042663149864483095,0.5229059435793203,0.5328979692140382,48,12585.0,0.3558237801567075,
19125,MARION,0.001518226765293842,0.6276332082652517,0.6233846704072278,48,24107.125,0.36934508935811633,
19089,HOWARD,0.007672925185070065,0.8334635723177771,0.815759585752485,48,6725.75,0.38373163611441785,
19003,ADAMS,0.012840253534496292,0.43541291318411895,0.42461536851283443,48,2736.25,0.39581021508512976,
19127,MARSHALL,0.0175400429962846,0.7692070698178571,0.7459198064158067,48,28443.625,0.4067959265246268,
19005,ALLAMAKEE,0.01769864531943782,0.58158055765616,0.5637429216292028,48,10298.375,0.4071666578882254,
19117,LUCAS,0.027662247326464735,0.5844103357794751,0.5626643375014543,48,6434.75,0.4304564791530152,
19137,MONTGOMERY,0.05199261161356177,0.6253445359184849,0.5873795077901439,48,7632.875,0.4873284653236871,
19013,BLACK HAWK,0.06672614938450845,1.0272931740994975,0.9569597072112715,48,94023.25,0.5217679643162576,
19161,SAC,0.06832393527943574,0.6474677989217605,0.5979390880199648,48,7312.75,0.5255027730617309,
19147,PALO ALTO,0.08160919437272975,0.8327432730366309,0.7542289512222328,48,6466.375,0.5565569349522825,
19153,POLK,0.10666196193764226,1.1539597569621722,1.03483028886915,48,359943.5,0.6151175316485009,
19105,JONES,0.12339535257297946,0.6088405603317457,0.5324371279515739,48,15893.875,0.6542316669557982,
19067,FLOYD,0.12932581032849053,0.6333327389206209,0.5513264727463388,48,11380.875,0.6680940533745682,
19113,LINN,0.13003764379823488,0.9800992109718248,0.8595686832258558,48,168511.375,0.6697579570781634,
19029,CASS,0.13395845370299628,0.834128762347064,0.7102083520326037,48,9766.375,0.678922811498353,
19097,JACKSON,0.16018250618917348,0.5814532265456872,0.4858679192858426,48,14641.0,0.7402212751273491,
19187,WEBSTER,0.1718221449805621,0.7567478310012907,0.6328462004738669,48,26915.875,0.7674288158186543,
19041,CLAY,0.18392997383388565,0.9026928215702766,0.7429590748836473,48,12094.5,0.7957307461546607,
19091,HUMBOLDT,0.22660841087796926,0.7930154946698194,0.6144355932310849,48,7050.0,0.8954911711411545,
19163,SCOTT,0.2315228014501249,0.9534657299271427,0.7541970369361474,48,127528.625,0.9069785105561726,
19061,DUBUQUE,0.24193468708386723,0.8072766709690588,0.6323649184127601,48,72133.625,0.931316190369986,
19111,LEE,0.25623567710851114,0.8443260033363549,0.648399361350432,48,25110.125,0.9647446132785485,
19083,HARDIN,0.26264441191808974,0.9233520489680593,0.705954291747776,48,12865.875,0.9797249675864842,
19017,BREMER,0.3029997746383509,0.6993959769688111,0.5134932433179009,48,17958.375,1.0740552292898111,
19191,WINNESHIEK,0.3333112128244123,0.6253098271017328,0.4450205919875195,48,14658.375,1.1449079166145573,
19155,POTTAWATTAMIE,0.3334738547435841,0.9836645704577868,0.7034064848658121,48,68112.75,1.1452880904939438,
19165,SHELBY,0.3482845764658014,0.6311190572029648,0.4394989280094406,48,8698.875,1.1799080062101384,
19027,CARROLL,0.43062106420253854,1.0568556653841774,0.6761476791772866,48,15075.625,1.3723687329239067,
19109,KOSSUTH,0.5674411665941522,0.9385002018221323,0.5205705421597868,48,10984.125,1.6921843706705366,
19045,CLINTON,0.7599244282519996,1.3953754290887908,0.650308792998609,48,34353.875,2.1421120933268027,HIGH
19033,CERRO GORDO,0.781347292765035,1.3008471154955628,0.58793899479142,48,32414.375,2.1921878274976905,HIGH
19059,DICKINSON,1.3917529128192616,2.029818066344573,0.4671128294390407,48,14056.375,3.6190049344094253,HIGH
